event_start,event_end,event_peak,event_peak_D_s-1,event_peak_D_1e5_s-1,duration_hours,year,month,season_year,detection_threshold_s-1,detection_threshold_1e5_s-1,slp_diff_hpa,zeta_box_mean_s-1,slp_climatology_mean_hpa,slp_climatology_std_hpa,monsoon_type,shinoda_class,episode_span_hours,threshold_hit_hours,merged_subevents_count,total_internal_gap_hours,max_internal_gap_hours
2000-01-05 23:00:00,2000-01-06 00:00:00,2000-01-05 23:00:00,-2.438025602133022e-05,-2.438025602133022,2,2000,1,2000,-2.4251929268451687e-05,-2.4251929268451686,-15.108671875000027,4.735963930407424e-06,11.12716293334961,8.703954696655273,Type 2 weak-monsoon,Type 2 weak-monsoon,2,2,1,0.0,0.0
2000-01-13 08:00:00,2000-01-13 14:00:00,2000-01-13 11:00:00,-2.9723769072824596e-05,-2.972376907282459,7,2000,1,2000,-2.4251929268451687e-05,-2.4251929268451686,-0.3018749999999954,7.313869590894937e-06,11.12716293334961,8.703954696655273,Type 2 weak-monsoon,Type 2 weak-monsoon,7,7,1,0.0,0.0
2000-01-19 22:00:00,2000-01-20 08:00:00,2000-01-20 04:00:00,-2.9279717066073205e-05,-2.9279717066073205,11,2000,1,2000,-2.4251929268451687e-05,-2.4251929268451686,21.59867187500004,1.6217815139187907e-05,11.12716293334961,8.703954696655273,Type 1 strong-monsoon,Type 1B higher-vorticity,11,11,1,0.0,0.0
2000-02-07 13:00:00,2000-02-08 13:00:00,2000-02-08 00:00:00,-4.312035792416904e-05,-4.312035792416904,25,2000,2,2000,-1.957567489476574e-05,-1.957567489476574,8.146718749999991,1.4087366808719804e-05,8.544206619262695,8.269665718078613,Type 2 weak-monsoon,Type 2 weak-monsoon,25,25,1,0.0,0.0
2000-02-13 18:00:00,2000-02-16 01:00:00,2000-02-14 22:00:00,-3.603143821650983e-05,-3.603143821650983,56,2000,2,2000,-1.957567489476574e-05,-1.957567489476574,16.181249999999977,3.811840596927469e-06,8.544206619262695,8.269665718078613,Type 1 strong-monsoon,Type 1A lower-vorticity,56,47,2,10.0,10.0
2000-02-17 08:00:00,2000-02-17 10:00:00,2000-02-17 09:00:00,-1.969221285758486e-05,-1.969221285758486,3,2000,2,2000,-1.957567489476574e-05,-1.957567489476574,17.46281250000004,-1.530003853409788e-07,8.544206619262695,8.269665718078613,Type 1 strong-monsoon,Type 1A lower-vorticity,3,3,1,0.0,0.0
2000-02-27 18:00:00,2000-02-28 04:00:00,2000-02-27 23:00:00,-3.168734772465115e-05,-3.168734772465115,11,2000,2,2000,-1.957567489476574e-05,-1.957567489476574,9.615859375000014,1.4953325986529946e-05,8.544206619262695,8.269665718078613,Type 1 strong-monsoon,Type 1A lower-vorticity,11,11,1,0.0,0.0
2000-11-10 08:00:00,2000-11-10 15:00:00,2000-11-10 13:00:00,-2.066867269000309e-05,-2.0668672690003094,8,2000,11,2001,-1.8216529439979125e-05,-1.8216529439979128,5.495156249999923,-3.607462589979361e-06,6.145678043365479,7.906016826629639,Type 2 weak-monsoon,Type 2 weak-monsoon,8,8,1,0.0,0.0
2000-11-17 09:00:00,2000-11-17 12:00:00,2000-11-17 10:00:00,-2.043298892340748e-05,-2.043298892340748,4,2000,11,2001,-1.8216529439979125e-05,-1.8216529439979128,2.28125,5.172403259334846e-06,6.145678043365479,7.906016826629639,Type 2 weak-monsoon,Type 2 weak-monsoon,4,4,1,0.0,0.0
2000-11-20 03:00:00,2000-11-20 09:00:00,2000-11-20 05:00:00,-2.0186762604752472e-05,-2.0186762604752477,7,2000,11,2001,-1.8216529439979125e-05,-1.8216529439979128,-11.602343750000044,9.235350371944542e-06,6.145678043365479,7.906016826629639,Type 2 weak-monsoon,Type 2 weak-monsoon,7,7,1,0.0,0.0
2000-11-27 20:00:00,2000-11-28 02:00:00,2000-11-27 23:00:00,-2.0156294244987325e-05,-2.0156294244987323,7,2000,11,2001,-1.8216529439979125e-05,-1.8216529439979128,12.185781250000105,-9.18331014411661e-06,6.145678043365479,7.906016826629639,Type 1 strong-monsoon,Type 1A lower-vorticity,7,7,1,0.0,0.0
2000-12-10 08:00:00,2000-12-11 01:00:00,2000-12-10 16:00:00,-3.092792511985179e-05,-3.092792511985179,18,2000,12,2001,-2.5691567478831536e-05,-2.5691567478831536,18.786249999999995,-6.470472058603125e-06,10.767045021057127,9.112839698791504,Type 1 strong-monsoon,Type 1A lower-vorticity,18,18,1,0.0,0.0
2000-12-25 01:00:00,2000-12-25 13:00:00,2000-12-25 07:00:00,-3.414970936481278e-05,-3.414970936481278,13,2000,12,2001,-2.5691567478831536e-05,-2.5691567478831536,16.183125000000018,5.407334133100616e-06,10.767045021057127,9.112839698791504,Type 1 strong-monsoon,Type 1A lower-vorticity,13,13,1,0.0,0.0
2001-01-14 12:00:00,2001-01-14 21:00:00,2001-01-14 16:00:00,-3.1372269143620785e-05,-3.1372269143620786,10,2001,1,2001,-2.4251929268451687e-05,-2.4251929268451686,18.254140625000105,2.625454953708077e-06,11.12716293334961,8.703954696655273,Type 1 strong-monsoon,Type 1A lower-vorticity,10,10,1,0.0,0.0
2001-01-22 20:00:00,2001-01-23 04:00:00,2001-01-23 01:00:00,-3.0096302085507343e-05,-3.0096302085507345,9,2001,1,2001,-2.4251929268451687e-05,-2.4251929268451686,10.251484375000018,-4.608824107990273e-06,11.12716293334961,8.703954696655273,Type 2 weak-monsoon,Type 2 weak-monsoon,9,9,1,0.0,0.0
2001-02-07 04:00:00,2001-02-07 15:00:00,2001-02-07 10:00:00,-2.9270392896609764e-05,-2.9270392896609763,12,2001,2,2001,-1.957567489476574e-05,-1.957567489476574,4.2293750000000045,-2.899066312385593e-06,8.544206619262695,8.269665718078613,Type 2 weak-monsoon,Type 2 weak-monsoon,12,12,1,0.0,0.0
2001-02-13 19:00:00,2001-02-13 22:00:00,2001-02-13 21:00:00,-2.097046847197273e-05,-2.0970468471972725,4,2001,2,2001,-1.957567489476574e-05,-1.957567489476574,12.964374999999905,-5.381345936888023e-06,8.544206619262695,8.269665718078613,Type 1 strong-monsoon,Type 1A lower-vorticity,4,4,1,0.0,0.0
2001-02-15 14:00:00,2001-02-16 00:00:00,2001-02-15 19:00:00,-3.534550551453876e-05,-3.534550551453876,11,2001,2,2001,-1.957567489476574e-05,-1.957567489476574,4.5750781250000045,5.988656610122404e-06,8.544206619262695,8.269665718078613,Type 2 weak-monsoon,Type 2 weak-monsoon,11,11,1,0.0,0.0
2001-11-13 07:00:00,2001-11-13 13:00:00,2001-11-13 09:00:00,-2.1912558738521643e-05,-2.1912558738521644,7,2001,11,2002,-1.8216529439979125e-05,-1.8216529439979128,6.912812500000086,-7.953582458514058e-06,6.145678043365479,7.906016826629639,Type 1 strong-monsoon,Type 1A lower-vorticity,7,7,1,0.0,0.0
2001-11-25 01:00:00,2001-11-25 06:00:00,2001-11-25 04:00:00,-2.0384255012273925e-05,-2.0384255012273926,6,2001,11,2002,-1.8216529439979125e-05,-1.8216529439979128,15.521875000000025,1.182677221485599e-05,6.145678043365479,7.906016826629639,Type 1 strong-monsoon,Type 1A lower-vorticity,6,6,1,0.0,0.0
2001-11-25 20:00:00,2001-11-26 01:00:00,2001-11-25 22:00:00,-1.9231861385665374e-05,-1.9231861385665376,6,2001,11,2002,-1.8216529439979125e-05,-1.8216529439979128,14.108281250000005,-2.8327564216615416e-06,6.145678043365479,7.906016826629639,Type 1 strong-monsoon,Type 1A lower-vorticity,6,6,1,0.0,0.0
2001-12-04 22:00:00,2001-12-05 04:00:00,2001-12-05 01:00:00,-2.916594921143368e-05,-2.916594921143368,7,2001,12,2002,-2.5691567478831536e-05,-2.5691567478831536,4.89453125,-1.1086218037451607e-05,10.767045021057127,9.112839698791504,Type 2 weak-monsoon,Type 2 weak-monsoon,7,7,1,0.0,0.0
2001-12-20 21:00:00,2001-12-21 14:00:00,2001-12-21 06:00:00,-3.851886166773449e-05,-3.851886166773449,18,2001,12,2002,-2.5691567478831536e-05,-2.5691567478831536,1.7958593749999636,7.54796227507001e-06,10.767045021057127,9.112839698791504,Type 2 weak-monsoon,Type 2 weak-monsoon,18,18,1,0.0,0.0
2001-12-23 16:00:00,2001-12-23 21:00:00,2001-12-23 19:00:00,-2.9543623827833105e-05,-2.9543623827833105,6,2001,12,2002,-2.5691567478831536e-05,-2.5691567478831536,4.339687499999968,1.95858774865413e-06,10.767045021057127,9.112839698791504,Type 2 weak-monsoon,Type 2 weak-monsoon,6,6,1,0.0,0.0
2002-01-01 12:00:00,2002-01-02 07:00:00,2002-01-01 23:00:00,-3.925669839369744e-05,-3.925669839369744,20,2002,1,2002,-2.4251929268451687e-05,-2.4251929268451686,22.587578124999936,4.137136202157566e-06,11.12716293334961,8.703954696655273,Type 1 strong-monsoon,Type 1A lower-vorticity,20,20,1,0.0,0.0
2002-01-07 05:00:00,2002-01-07 16:00:00,2002-01-07 10:00:00,-3.1788877112691744e-05,-3.1788877112691742,12,2002,1,2002,-2.4251929268451687e-05,-2.4251929268451686,-6.205703125000014,2.1826403074107543e-05,11.12716293334961,8.703954696655273,Type 2 weak-monsoon,Type 2 weak-monsoon,12,12,1,0.0,0.0
2002-01-21 22:00:00,2002-01-22 06:00:00,2002-01-22 03:00:00,-2.7816002473218e-05,-2.7816002473218,9,2002,1,2002,-2.4251929268451687e-05,-2.4251929268451686,20.49781250000001,2.245206002937802e-05,11.12716293334961,8.703954696655273,Type 1 strong-monsoon,Type 1B higher-vorticity,9,9,1,0.0,0.0
2002-01-22 22:00:00,2002-01-23 04:00:00,2002-01-23 01:00:00,-2.573744114967815e-05,-2.573744114967815,7,2002,1,2002,-2.4251929268451687e-05,-2.4251929268451686,21.978593750000076,1.1899939637243269e-05,11.12716293334961,8.703954696655273,Type 1 strong-monsoon,Type 1A lower-vorticity,7,7,1,0.0,0.0
2002-01-28 03:00:00,2002-01-28 16:00:00,2002-01-28 09:00:00,-3.5337843004718336e-05,-3.533784300471833,14,2002,1,2002,-2.4251929268451687e-05,-2.4251929268451686,20.188828124999983,1.4530654317910726e-06,11.12716293334961,8.703954696655273,Type 1 strong-monsoon,Type 1A lower-vorticity,14,14,1,0.0,0.0
2002-02-08 11:00:00,2002-02-08 21:00:00,2002-02-08 16:00:00,-3.217414825145647e-05,-3.2174148251456467,11,2002,2,2002,-1.957567489476574e-05,-1.957567489476574,16.62914062499999,7.905058081083086e-06,8.544206619262695,8.269665718078613,Type 1 strong-monsoon,Type 1A lower-vorticity,11,11,1,0.0,0.0
2002-02-17 14:00:00,2002-02-17 19:00:00,2002-02-17 17:00:00,-2.3683985447720072e-05,-2.368398544772007,6,2002,2,2002,-1.957567489476574e-05,-1.957567489476574,9.2610937500001,2.246516772713308e-05,8.544206619262695,8.269665718078613,Type 1 strong-monsoon,Type 1B higher-vorticity,6,6,1,0.0,0.0
2002-11-01 11:00:00,2002-11-01 14:00:00,2002-11-01 11:00:00,-2.177389659693145e-05,-2.177389659693145,4,2002,11,2003,-1.8216529439979125e-05,-1.8216529439979128,17.83234374999995,2.416498980075224e-06,6.145678043365479,7.906016826629639,Type 1 strong-monsoon,Type 1A lower-vorticity,4,4,1,0.0,0.0
2002-11-03 00:00:00,2002-11-04 15:00:00,2002-11-04 03:00:00,-3.7395635187998137e-05,-3.7395635187998137,40,2002,11,2003,-1.8216529439979125e-05,-1.8216529439979128,17.69226562499989,4.6259782436699245e-06,6.145678043365479,7.906016826629639,Type 1 strong-monsoon,Type 1A lower-vorticity,40,36,2,5.0,5.0
2002-11-07 19:00:00,2002-11-08 14:00:00,2002-11-08 04:00:00,-3.221485188500231e-05,-3.221485188500232,20,2002,11,2003,-1.8216529439979125e-05,-1.8216529439979128,14.523281249999968,1.888776120124867e-05,6.145678043365479,7.906016826629639,Type 1 strong-monsoon,Type 1B higher-vorticity,20,20,1,0.0,0.0
2002-11-11 18:00:00,2002-11-12 00:00:00,2002-11-11 21:00:00,-2.33327369028024e-05,-2.33327369028024,7,2002,11,2003,-1.8216529439979125e-05,-1.8216529439979128,13.563281250000044,2.0383807124048655e-05,6.145678043365479,7.906016826629639,Type 1 strong-monsoon,Type 1B higher-vorticity,7,7,1,0.0,0.0
2002-11-26 16:00:00,2002-11-27 03:00:00,2002-11-26 22:00:00,-2.675566149878641e-05,-2.675566149878641,12,2002,11,2003,-1.8216529439979125e-05,-1.8216529439979128,24.960703124999892,9.487297188430822e-06,6.145678043365479,7.906016826629639,Type 1 strong-monsoon,Type 1A lower-vorticity,12,12,1,0.0,0.0
2002-12-09 15:00:00,2002-12-10 03:00:00,2002-12-09 20:00:00,-3.0244535885986123e-05,-3.0244535885986124,13,2002,12,2003,-2.5691567478831536e-05,-2.5691567478831536,12.926718750000076,-3.52569335030868e-06,10.767045021057127,9.112839698791504,Type 1 strong-monsoon,Type 1A lower-vorticity,13,13,1,0.0,0.0
2002-12-25 02:00:00,2002-12-25 09:00:00,2002-12-25 05:00:00,-3.0872787841152646e-05,-3.0872787841152647,8,2002,12,2003,-2.5691567478831536e-05,-2.5691567478831536,6.186171875000014,-2.076181497310996e-07,10.767045021057127,9.112839698791504,Type 2 weak-monsoon,Type 2 weak-monsoon,8,8,1,0.0,0.0
2002-12-31 22:00:00,2003-01-01 15:00:00,2003-01-01 11:00:00,-3.3350389631032534e-05,-3.335038963103253,18,2003,1,2003,-2.4251929268451687e-05,-2.4251929268451686,9.919843749999927,-1.5724304722313638e-06,11.12716293334961,8.703954696655273,Type 2 weak-monsoon,Type 2 weak-monsoon,18,7,2,12.0,12.0
2003-01-03 16:00:00,2003-01-05 02:00:00,2003-01-04 09:00:00,-3.241914048198508e-05,-3.2419140481985083,35,2003,1,2003,-2.4251929268451687e-05,-2.4251929268451686,24.300312500000015,1.161933321353597e-05,11.12716293334961,8.703954696655273,Type 1 strong-monsoon,Type 1A lower-vorticity,35,35,1,0.0,0.0
2003-01-28 04:00:00,2003-01-29 06:00:00,2003-01-29 03:00:00,-2.816865136754324e-05,-2.8168651367543243,27,2003,1,2003,-2.4251929268451687e-05,-2.4251929268451686,30.495546874999945,1.2060160777268956e-05,11.12716293334961,8.703954696655273,Type 1 strong-monsoon,Type 1A lower-vorticity,27,21,2,7.0,7.0
2003-02-04 07:00:00,2003-02-04 11:00:00,2003-02-04 09:00:00,-2.031818906003369e-05,-2.0318189060033687,5,2003,2,2003,-1.957567489476574e-05,-1.957567489476574,5.696328125000036,-1.5203531481744748e-06,8.544206619262695,8.269665718078613,Type 2 weak-monsoon,Type 2 weak-monsoon,5,5,1,0.0,0.0
2003-12-18 14:00:00,2003-12-19 18:00:00,2003-12-18 23:00:00,-3.910486078004416e-05,-3.910486078004416,29,2003,12,2004,-2.5691567478831536e-05,-2.5691567478831536,18.860624999999917,8.839738124235895e-06,10.767045021057127,9.112839698791504,Type 1 strong-monsoon,Type 1A lower-vorticity,29,29,1,0.0,0.0
2003-12-26 02:00:00,2003-12-26 11:00:00,2003-12-26 07:00:00,-2.9529093922622783e-05,-2.952909392262278,10,2003,12,2004,-2.5691567478831536e-05,-2.5691567478831536,21.639062500000023,-4.651899495138228e-06,10.767045021057127,9.112839698791504,Type 1 strong-monsoon,Type 1A lower-vorticity,10,10,1,0.0,0.0
2004-01-12 17:00:00,2004-01-13 03:00:00,2004-01-12 22:00:00,-3.843465924677513e-05,-3.843465924677513,11,2004,1,2004,-2.4251929268451687e-05,-2.4251929268451686,5.5359375000000455,2.1451688058144465e-05,11.12716293334961,8.703954696655273,Type 2 weak-monsoon,Type 2 weak-monsoon,11,11,1,0.0,0.0
2004-01-18 10:00:00,2004-01-18 19:00:00,2004-01-18 14:00:00,-3.55999170641665e-05,-3.5599917064166497,10,2004,1,2004,-2.4251929268451687e-05,-2.4251929268451686,-3.797343749999982,5.919109840367252e-06,11.12716293334961,8.703954696655273,Type 2 weak-monsoon,Type 2 weak-monsoon,10,10,1,0.0,0.0
2004-01-21 19:00:00,2004-01-22 01:00:00,2004-01-21 23:00:00,-2.65562389499065e-05,-2.65562389499065,7,2004,1,2004,-2.4251929268451687e-05,-2.4251929268451686,22.789218750000032,2.0033161005139684e-05,11.12716293334961,8.703954696655273,Type 1 strong-monsoon,Type 1B higher-vorticity,7,7,1,0.0,0.0
2004-01-23 22:00:00,2004-01-24 01:00:00,2004-01-23 23:00:00,-2.5161712150591985e-05,-2.5161712150591984,4,2004,1,2004,-2.4251929268451687e-05,-2.4251929268451686,15.675078125000027,7.576935110875455e-06,11.12716293334961,8.703954696655273,Type 1 strong-monsoon,Type 1A lower-vorticity,4,4,1,0.0,0.0
2004-02-02 16:00:00,2004-02-03 04:00:00,2004-02-02 21:00:00,-2.200829616163436e-05,-2.2008296161634355,13,2004,2,2004,-1.957567489476574e-05,-1.957567489476574,14.196249999999964,8.822425932202024e-06,8.544206619262695,8.269665718078613,Type 1 strong-monsoon,Type 1A lower-vorticity,13,13,1,0.0,0.0
2004-02-04 21:00:00,2004-02-06 07:00:00,2004-02-05 02:00:00,-3.4917833199787245e-05,-3.4917833199787247,35,2004,2,2004,-1.957567489476574e-05,-1.957567489476574,19.476093750000015,3.959231527748052e-06,8.544206619262695,8.269665718078613,Type 1 strong-monsoon,Type 1A lower-vorticity,35,25,2,11.0,11.0
2004-02-14 05:00:00,2004-02-14 14:00:00,2004-02-14 10:00:00,-2.6644132517740157e-05,-2.664413251774015,10,2004,2,2004,-1.957567489476574e-05,-1.957567489476574,5.287421875000064,2.5836893750437148e-05,8.544206619262695,8.269665718078613,Type 2 weak-monsoon,Type 2 weak-monsoon,10,10,1,0.0,0.0
2004-02-26 02:00:00,2004-02-26 06:00:00,2004-02-26 04:00:00,-2.0415970224982143e-05,-2.0415970224982147,5,2004,2,2004,-1.957567489476574e-05,-1.957567489476574,22.427187499999945,1.4274570883479562e-05,8.544206619262695,8.269665718078613,Type 1 strong-monsoon,Type 1A lower-vorticity,5,5,1,0.0,0.0
2004-02-29 01:00:00,2004-02-29 01:00:00,2004-02-29 01:00:00,-1.9813190737326085e-05,-1.9813190737326083,1,2004,2,2004,-1.957567489476574e-05,-1.957567489476574,10.560703125000032,6.301388283395531e-06,8.544206619262695,8.269665718078613,Type 1 strong-monsoon,Type 1A lower-vorticity,1,1,1,0.0,0.0
2004-11-28 21:00:00,2004-11-29 17:00:00,2004-11-29 09:00:00,-3.323293785888174e-05,-3.3232937858881737,21,2004,11,2005,-1.8216529439979125e-05,-1.8216529439979128,6.369687499999941,-7.003409953244218e-06,6.145678043365479,7.906016826629639,Type 1 strong-monsoon,Type 1A lower-vorticity,21,21,1,0.0,0.0
2004-12-26 18:00:00,2004-12-26 21:00:00,2004-12-26 19:00:00,-2.681189123076326e-05,-2.681189123076326,4,2004,12,2005,-2.5691567478831536e-05,-2.5691567478831536,14.699218750000114,-5.7186804627702965e-06,10.767045021057127,9.112839698791504,Type 1 strong-monsoon,Type 1A lower-vorticity,4,4,1,0.0,0.0
2004-12-28 20:00:00,2004-12-29 04:00:00,2004-12-29 01:00:00,-2.9814248354878054e-05,-2.9814248354878057,9,2004,12,2005,-2.5691567478831536e-05,-2.5691567478831536,8.346953125000027,-1.1540238951580418e-06,10.767045021057127,9.112839698791504,Type 2 weak-monsoon,Type 2 weak-monsoon,9,9,1,0.0,0.0
2004-12-31 04:00:00,2004-12-31 09:00:00,2004-12-31 06:00:00,-2.77320786389036e-05,-2.77320786389036,6,2004,12,2005,-2.5691567478831536e-05,-2.5691567478831536,4.262343750000014,-2.651062415347072e-07,10.767045021057127,9.112839698791504,Type 2 weak-monsoon,Type 2 weak-monsoon,6,6,1,0.0,0.0
2005-01-11 15:00:00,2005-01-11 20:00:00,2005-01-11 17:00:00,-2.6733680384762903e-05,-2.6733680384762906,6,2005,1,2005,-2.4251929268451687e-05,-2.4251929268451686,19.831562499999905,8.612507843837976e-06,11.12716293334961,8.703954696655273,Type 1 strong-monsoon,Type 1A lower-vorticity,6,6,1,0.0,0.0
2005-01-29 08:00:00,2005-01-29 12:00:00,2005-01-29 10:00:00,-2.5848133582656967e-05,-2.5848133582656967,5,2005,1,2005,-2.4251929268451687e-05,-2.4251929268451686,11.681015624999986,1.3913062673533273e-05,11.12716293334961,8.703954696655273,Type 1 strong-monsoon,Type 1A lower-vorticity,5,5,1,0.0,0.0
2005-01-31 01:00:00,2005-01-31 23:00:00,2005-01-31 22:00:00,-3.040194760881601e-05,-3.040194760881601,23,2005,1,2005,-2.4251929268451687e-05,-2.4251929268451686,23.124062499999923,1.2347023173868756e-05,11.12716293334961,8.703954696655273,Type 1 strong-monsoon,Type 1A lower-vorticity,23,23,1,0.0,0.0
2005-02-10 00:00:00,2005-02-10 11:00:00,2005-02-10 06:00:00,-2.5586265611943137e-05,-2.558626561194313,12,2005,2,2005,-1.957567489476574e-05,-1.957567489476574,16.138515624999968,-4.6843876250945576e-06,8.544206619262695,8.269665718078613,Type 1 strong-monsoon,Type 1A lower-vorticity,12,12,1,0.0,0.0
2005-02-22 18:00:00,2005-02-23 08:00:00,2005-02-23 03:00:00,-2.5475107959473517e-05,-2.5475107959473515,15,2005,2,2005,-1.957567489476574e-05,-1.957567489476574,11.630312499999944,1.962319074086288e-05,8.544206619262695,8.269665718078613,Type 1 strong-monsoon,Type 1B higher-vorticity,15,15,1,0.0,0.0
2005-02-24 14:00:00,2005-02-25 08:00:00,2005-02-24 22:00:00,-3.1435186613196866e-05,-3.143518661319687,19,2005,2,2005,-1.957567489476574e-05,-1.957567489476574,3.3288281249999727,4.832769070587279e-07,8.544206619262695,8.269665718078613,Type 2 weak-monsoon,Type 2 weak-monsoon,19,19,1,0.0,0.0
2005-11-06 07:00:00,2005-11-06 15:00:00,2005-11-06 09:00:00,-2.14920286310214e-05,-2.1492028631021403,9,2005,11,2006,-1.8216529439979125e-05,-1.8216529439979128,-10.152812499999982,7.83167449003291e-06,6.145678043365479,7.906016826629639,Type 2 weak-monsoon,Type 2 weak-monsoon,9,9,1,0.0,0.0
2005-11-18 00:00:00,2005-11-18 02:00:00,2005-11-18 01:00:00,-1.8566780928640714e-05,-1.8566780928640716,3,2005,11,2006,-1.8216529439979125e-05,-1.8216529439979128,12.4583593750001,7.494254630916312e-07,6.145678043365479,7.906016826629639,Type 1 strong-monsoon,Type 1A lower-vorticity,3,3,1,0.0,0.0
2005-11-28 16:00:00,2005-11-29 00:00:00,2005-11-28 20:00:00,-2.213039682050157e-05,-2.213039682050157,9,2005,11,2006,-1.8216529439979125e-05,-1.8216529439979128,2.312734374999991,2.5573139909151624e-05,6.145678043365479,7.906016826629639,Type 2 weak-monsoon,Type 2 weak-monsoon,9,9,1,0.0,0.0
2005-12-04 01:00:00,2005-12-04 12:00:00,2005-12-04 05:00:00,-3.845510743935324e-05,-3.845510743935324,12,2005,12,2006,-2.5691567478831536e-05,-2.5691567478831536,7.802578124999968,1.6397120069224097e-05,10.767045021057127,9.112839698791504,Type 2 weak-monsoon,Type 2 weak-monsoon,12,12,1,0.0,0.0
2005-12-07 04:00:00,2005-12-07 20:00:00,2005-12-07 12:00:00,-2.9561258399826588e-05,-2.9561258399826587,17,2005,12,2006,-2.5691567478831536e-05,-2.5691567478831536,5.1861718749999,1.6805250979031386e-06,10.767045021057127,9.112839698791504,Type 2 weak-monsoon,Type 2 weak-monsoon,17,17,1,0.0,0.0
2005-12-11 22:00:00,2005-12-12 07:00:00,2005-12-12 02:00:00,-3.130867170549021e-05,-3.1308671705490214,10,2005,12,2006,-2.5691567478831536e-05,-2.5691567478831536,16.932656249999923,1.9621816592455143e-06,10.767045021057127,9.112839698791504,Type 1 strong-monsoon,Type 1A lower-vorticity,10,10,1,0.0,0.0
2005-12-17 02:00:00,2005-12-17 11:00:00,2005-12-17 07:00:00,-3.0397668135432445e-05,-3.0397668135432445,10,2005,12,2006,-2.5691567478831536e-05,-2.5691567478831536,13.846875000000068,1.2603913564195538e-05,10.767045021057127,9.112839698791504,Type 1 strong-monsoon,Type 1A lower-vorticity,10,10,1,0.0,0.0
2005-12-21 11:00:00,2005-12-21 16:00:00,2005-12-21 13:00:00,-2.7281968436749337e-05,-2.728196843674933,6,2005,12,2006,-2.5691567478831536e-05,-2.5691567478831536,10.25382812500004,1.3254438469485758e-05,10.767045021057127,9.112839698791504,Type 2 weak-monsoon,Type 2 weak-monsoon,6,6,1,0.0,0.0
2006-02-02 07:00:00,2006-02-02 17:00:00,2006-02-02 11:00:00,-2.7171222396251796e-05,-2.717122239625179,11,2006,2,2006,-1.957567489476574e-05,-1.957567489476574,11.650234375000082,-6.185194498304116e-06,8.544206619262695,8.269665718078613,Type 1 strong-monsoon,Type 1A lower-vorticity,11,11,1,0.0,0.0
2006-02-07 22:00:00,2006-02-08 09:00:00,2006-02-08 03:00:00,-3.095579549328696e-05,-3.095579549328696,12,2006,2,2006,-1.957567489476574e-05,-1.957567489476574,16.92046874999994,4.054860436383751e-06,8.544206619262695,8.269665718078613,Type 1 strong-monsoon,Type 1A lower-vorticity,12,12,1,0.0,0.0
2006-11-06 19:00:00,2006-11-07 04:00:00,2006-11-07 00:00:00,-2.209342051000369e-05,-2.209342051000369,10,2006,11,2007,-1.8216529439979125e-05,-1.8216529439979128,14.24992187500004,1.8168706167720744e-05,6.145678043365479,7.906016826629639,Type 1 strong-monsoon,Type 1B higher-vorticity,10,10,1,0.0,0.0
2006-11-13 18:00:00,2006-11-14 12:00:00,2006-11-14 00:00:00,-2.2658642487041825e-05,-2.2658642487041827,19,2006,11,2007,-1.8216529439979125e-05,-1.8216529439979128,11.004062500000032,3.590688308978286e-06,6.145678043365479,7.906016826629639,Type 1 strong-monsoon,Type 1A lower-vorticity,19,19,1,0.0,0.0
2006-11-15 16:00:00,2006-11-15 18:00:00,2006-11-15 17:00:00,-1.8559089119192084e-05,-1.8559089119192085,3,2006,11,2007,-1.8216529439979125e-05,-1.8216529439979128,8.966640625000082,7.438743108134761e-06,6.145678043365479,7.906016826629639,Type 1 strong-monsoon,Type 1A lower-vorticity,3,3,1,0.0,0.0
2006-12-27 18:00:00,2006-12-28 14:00:00,2006-12-28 01:00:00,-3.391715269670544e-05,-3.391715269670544,21,2006,12,2007,-2.5691567478831536e-05,-2.5691567478831536,25.374296875000027,1.141069881978594e-05,10.767045021057127,9.112839698791504,Type 1 strong-monsoon,Type 1A lower-vorticity,21,21,1,0.0,0.0
2007-02-13 23:00:00,2007-02-14 03:00:00,2007-02-14 01:00:00,-2.181905204306017e-05,-2.181905204306017,5,2007,2,2007,-1.957567489476574e-05,-1.957567489476574,-13.487812500000018,1.2478380769985535e-05,8.544206619262695,8.269665718078613,Type 2 weak-monsoon,Type 2 weak-monsoon,5,5,1,0.0,0.0
2007-11-17 17:00:00,2007-11-18 04:00:00,2007-11-18 00:00:00,-2.2489047069521425e-05,-2.2489047069521426,12,2007,11,2008,-1.8216529439979125e-05,-1.8216529439979128,21.80250000000001,5.704326250587035e-06,6.145678043365479,7.906016826629639,Type 1 strong-monsoon,Type 1A lower-vorticity,12,12,1,0.0,0.0
2007-11-29 20:00:00,2007-11-30 07:00:00,2007-11-30 02:00:00,-2.455969966548313e-05,-2.455969966548313,12,2007,11,2008,-1.8216529439979125e-05,-1.8216529439979128,5.475312499999859,-8.970167197579223e-06,6.145678043365479,7.906016826629639,Type 2 weak-monsoon,Type 2 weak-monsoon,12,12,1,0.0,0.0
2007-12-03 06:00:00,2007-12-03 21:00:00,2007-12-03 14:00:00,-4.0020962320708864e-05,-4.002096232070887,16,2007,12,2008,-2.5691567478831536e-05,-2.5691567478831536,8.493281249999882,1.5232534071443443e-06,10.767045021057127,9.112839698791504,Type 2 weak-monsoon,Type 2 weak-monsoon,16,16,1,0.0,0.0
2008-01-15 03:00:00,2008-01-16 17:00:00,2008-01-16 13:00:00,-3.5064667728183084e-05,-3.5064667728183085,39,2008,1,2008,-2.4251929268451687e-05,-2.4251929268451686,14.356796874999986,-4.765811096692596e-06,11.12716293334961,8.703954696655273,Type 1 strong-monsoon,Type 1A lower-vorticity,39,30,2,10.0,10.0
2008-01-23 11:00:00,2008-01-23 16:00:00,2008-01-23 14:00:00,-2.596977973972748e-05,-2.596977973972748,6,2008,1,2008,-2.4251929268451687e-05,-2.4251929268451686,8.181953125000064,7.539893085099624e-06,11.12716293334961,8.703954696655273,Type 2 weak-monsoon,Type 2 weak-monsoon,6,6,1,0.0,0.0
2008-01-30 02:00:00,2008-01-30 12:00:00,2008-01-30 06:00:00,-3.5275747575820736e-05,-3.527574757582073,11,2008,1,2008,-2.4251929268451687e-05,-2.4251929268451686,12.461874999999964,2.9098195238622828e-06,11.12716293334961,8.703954696655273,Type 1 strong-monsoon,Type 1A lower-vorticity,11,11,1,0.0,0.0
2008-02-03 09:00:00,2008-02-03 21:00:00,2008-02-03 15:00:00,-2.361989260286496e-05,-2.3619892602864963,13,2008,2,2008,-1.957567489476574e-05,-1.957567489476574,4.754609374999973,-3.521203064538544e-06,8.544206619262695,8.269665718078613,Type 2 weak-monsoon,Type 2 weak-monsoon,13,13,1,0.0,0.0
2008-02-04 12:00:00,2008-02-04 20:00:00,2008-02-04 15:00:00,-2.597025707399976e-05,-2.5970257073999754,9,2008,2,2008,-1.957567489476574e-05,-1.957567489476574,9.73523437499989,-1.3114808047514816e-06,8.544206619262695,8.269665718078613,Type 1 strong-monsoon,Type 1A lower-vorticity,9,9,1,0.0,0.0
2008-02-05 22:00:00,2008-02-06 06:00:00,2008-02-06 03:00:00,-2.6564073974031838e-05,-2.6564073974031834,9,2008,2,2008,-1.957567489476574e-05,-1.957567489476574,7.546953124999959,-3.738074444812018e-06,8.544206619262695,8.269665718078613,Type 2 weak-monsoon,Type 2 weak-monsoon,9,9,1,0.0,0.0
2008-02-09 05:00:00,2008-02-09 08:00:00,2008-02-09 06:00:00,-2.1114883553030373e-05,-2.111488355303037,4,2008,2,2008,-1.957567489476574e-05,-1.957567489476574,2.890078125000059,3.685693738837959e-06,8.544206619262695,8.269665718078613,Type 2 weak-monsoon,Type 2 weak-monsoon,4,4,1,0.0,0.0
2008-11-17 19:00:00,2008-11-18 01:00:00,2008-11-17 22:00:00,-2.1561604454768437e-05,-2.1561604454768437,7,2008,11,2009,-1.8216529439979125e-05,-1.8216529439979128,14.154765624999982,7.061678605666841e-06,6.145678043365479,7.906016826629639,Type 1 strong-monsoon,Type 1A lower-vorticity,7,7,1,0.0,0.0
2008-11-18 19:00:00,2008-11-19 09:00:00,2008-11-19 00:00:00,-2.4128778367725644e-05,-2.4128778367725645,15,2008,11,2009,-1.8216529439979125e-05,-1.8216529439979128,17.769140624999864,7.034097085577089e-06,6.145678043365479,7.906016826629639,Type 1 strong-monsoon,Type 1A lower-vorticity,15,15,1,0.0,0.0
2008-11-21 00:00:00,2008-11-21 07:00:00,2008-11-21 04:00:00,-2.208495875954589e-05,-2.208495875954589,8,2008,11,2009,-1.8216529439979125e-05,-1.8216529439979128,12.788437499999986,1.0704175252171856e-05,6.145678043365479,7.906016826629639,Type 1 strong-monsoon,Type 1A lower-vorticity,8,8,1,0.0,0.0
2008-11-24 06:00:00,2008-11-25 03:00:00,2008-11-24 10:00:00,-2.1324691184957025e-05,-2.1324691184957025,22,2008,11,2009,-1.8216529439979125e-05,-1.8216529439979128,-2.633281249999982,-7.97815693435442e-06,6.145678043365479,7.906016826629639,Type 2 weak-monsoon,Type 2 weak-monsoon,22,19,2,4.0,4.0
2008-11-27 18:00:00,2008-11-28 01:00:00,2008-11-27 22:00:00,-2.2227466986302877e-05,-2.2227466986302877,8,2008,11,2009,-1.8216529439979125e-05,-1.8216529439979128,-0.8812500000000227,-8.531129141204868e-06,6.145678043365479,7.906016826629639,Type 2 weak-monsoon,Type 2 weak-monsoon,8,8,1,0.0,0.0
2008-11-29 05:00:00,2008-11-29 20:00:00,2008-11-29 12:00:00,-2.881219262737141e-05,-2.8812192627371407,16,2008,11,2009,-1.8216529439979125e-05,-1.8216529439979128,9.983749999999986,2.1025002750350077e-05,6.145678043365479,7.906016826629639,Type 1 strong-monsoon,Type 1B higher-vorticity,16,16,1,0.0,0.0
2008-12-04 18:00:00,2008-12-04 22:00:00,2008-12-04 20:00:00,-2.9977692001874054e-05,-2.9977692001874057,5,2008,12,2009,-2.5691567478831536e-05,-2.5691567478831536,8.03156249999995,1.8774279300529187e-05,10.767045021057127,9.112839698791504,Type 2 weak-monsoon,Type 2 weak-monsoon,5,5,1,0.0,0.0
2008-12-20 21:00:00,2008-12-22 02:00:00,2008-12-21 06:00:00,-4.106219240415563e-05,-4.106219240415563,30,2008,12,2009,-2.5691567478831536e-05,-2.5691567478831536,-0.2311718749999727,-5.80666365752549e-06,10.767045021057127,9.112839698791504,Type 2 weak-monsoon,Type 2 weak-monsoon,30,30,1,0.0,0.0
2009-01-08 15:00:00,2009-01-08 15:00:00,2009-01-08 15:00:00,-2.429334744274113e-05,-2.429334744274113,1,2009,1,2009,-2.4251929268451687e-05,-2.4251929268451686,-0.968593750000082,-1.2507029317557858e-06,11.12716293334961,8.703954696655273,Type 2 weak-monsoon,Type 2 weak-monsoon,1,1,1,0.0,0.0
2009-01-13 23:00:00,2009-01-14 04:00:00,2009-01-14 01:00:00,-2.6632033730546085e-05,-2.6632033730546083,6,2009,1,2009,-2.4251929268451687e-05,-2.4251929268451686,12.076484375000064,1.0043609651168495e-05,11.12716293334961,8.703954696655273,Type 1 strong-monsoon,Type 1A lower-vorticity,6,6,1,0.0,0.0
2009-02-13 15:00:00,2009-02-13 19:00:00,2009-02-13 17:00:00,-2.159523070407836e-05,-2.159523070407836,5,2009,2,2009,-1.957567489476574e-05,-1.957567489476574,-0.9767187500000318,3.053046433745516e-05,8.544206619262695,8.269665718078613,Type 2 weak-monsoon,Type 2 weak-monsoon,5,5,1,0.0,0.0
2009-11-14 15:00:00,2009-11-14 19:00:00,2009-11-14 17:00:00,-1.9764263728419727e-05,-1.9764263728419729,5,2009,11,2010,-1.8216529439979125e-05,-1.8216529439979128,19.498515624999985,1.720811148485909e-05,6.145678043365479,7.906016826629639,Type 1 strong-monsoon,Type 1B higher-vorticity,5,5,1,0.0,0.0
2009-11-17 07:00:00,2009-11-17 19:00:00,2009-11-17 14:00:00,-2.2972469655796475e-05,-2.297246965579648,13,2009,11,2010,-1.8216529439979125e-05,-1.8216529439979128,10.006093750000105,-3.3209399102105486e-06,6.145678043365479,7.906016826629639,Type 1 strong-monsoon,Type 1A lower-vorticity,13,13,1,0.0,0.0
2009-12-10 23:00:00,2009-12-11 06:00:00,2009-12-11 03:00:00,-3.1334363675234453e-05,-3.1334363675234456,8,2009,12,2010,-2.5691567478831536e-05,-2.5691567478831536,-11.274453125000036,-4.3114663054676064e-06,10.767045021057127,9.112839698791504,Type 2 weak-monsoon,Type 2 weak-monsoon,8,8,1,0.0,0.0
2009-12-13 18:00:00,2009-12-14 09:00:00,2009-12-14 03:00:00,-4.074860897396592e-05,-4.074860897396593,16,2009,12,2010,-2.5691567478831536e-05,-2.5691567478831536,11.284999999999968,-6.311092526200736e-06,10.767045021057127,9.112839698791504,Type 1 strong-monsoon,Type 1A lower-vorticity,16,16,1,0.0,0.0
2009-12-30 17:00:00,2009-12-31 05:00:00,2009-12-31 00:00:00,-3.367078023106539e-05,-3.367078023106539,13,2009,12,2010,-2.5691567478831536e-05,-2.5691567478831536,30.686718750000068,1.275365073256944e-05,10.767045021057127,9.112839698791504,Type 1 strong-monsoon,Type 1A lower-vorticity,13,13,1,0.0,0.0
2010-01-02 13:00:00,2010-01-02 23:00:00,2010-01-02 17:00:00,-3.104954772509391e-05,-3.104954772509392,11,2010,1,2010,-2.4251929268451687e-05,-2.4251929268451686,20.955937500000005,3.474951286836142e-06,11.12716293334961,8.703954696655273,Type 1 strong-monsoon,Type 1A lower-vorticity,11,11,1,0.0,0.0
2010-01-04 08:00:00,2010-01-04 19:00:00,2010-01-04 13:00:00,-4.055041738811823e-05,-4.055041738811823,12,2010,1,2010,-2.4251929268451687e-05,-2.4251929268451686,0.3126562500000318,5.081006960309434e-06,11.12716293334961,8.703954696655273,Type 2 weak-monsoon,Type 2 weak-monsoon,12,12,1,0.0,0.0
2010-01-13 09:00:00,2010-01-13 18:00:00,2010-01-13 15:00:00,-2.762417196761625e-05,-2.762417196761625,10,2010,1,2010,-2.4251929268451687e-05,-2.4251929268451686,26.567031250000014,1.0621782703583071e-06,11.12716293334961,8.703954696655273,Type 1 strong-monsoon,Type 1A lower-vorticity,10,10,1,0.0,0.0
2010-01-20 15:00:00,2010-01-20 19:00:00,2010-01-20 16:00:00,-2.6120376419364297e-05,-2.6120376419364297,5,2010,1,2010,-2.4251929268451687e-05,-2.4251929268451686,6.868124999999964,1.9607207014276997e-06,11.12716293334961,8.703954696655273,Type 2 weak-monsoon,Type 2 weak-monsoon,5,5,1,0.0,0.0
2010-01-22 05:00:00,2010-01-22 08:00:00,2010-01-22 07:00:00,-2.544128210498384e-05,-2.544128210498384,4,2010,1,2010,-2.4251929268451687e-05,-2.4251929268451686,18.776953124999977,-7.072429038340171e-06,11.12716293334961,8.703954696655273,Type 1 strong-monsoon,Type 1A lower-vorticity,4,4,1,0.0,0.0
2010-02-01 16:00:00,2010-02-02 05:00:00,2010-02-01 23:00:00,-3.50032807473104e-05,-3.50032807473104,14,2010,2,2010,-1.957567489476574e-05,-1.957567489476574,7.1691406249999545,-6.964720616834743e-06,8.544206619262695,8.269665718078613,Type 2 weak-monsoon,Type 2 weak-monsoon,14,14,1,0.0,0.0
2010-02-25 22:00:00,2010-02-25 22:00:00,2010-02-25 22:00:00,-1.9677600596093903e-05,-1.9677600596093905,1,2010,2,2010,-1.957567489476574e-05,-1.957567489476574,2.2467968750000864,7.783714170833833e-06,8.544206619262695,8.269665718078613,Type 2 weak-monsoon,Type 2 weak-monsoon,1,1,1,0.0,0.0
2010-11-01 22:00:00,2010-11-02 02:00:00,2010-11-02 00:00:00,-2.048297292561876e-05,-2.048297292561876,5,2010,11,2011,-1.8216529439979125e-05,-1.8216529439979128,25.18578124999999,6.228629372728975e-06,6.145678043365479,7.906016826629639,Type 1 strong-monsoon,Type 1A lower-vorticity,5,5,1,0.0,0.0
2010-11-08 20:00:00,2010-11-09 01:00:00,2010-11-08 23:00:00,-1.972201988929473e-05,-1.9722019889294728,6,2010,11,2011,-1.8216529439979125e-05,-1.8216529439979128,12.593984374999993,3.2080080053521576e-05,6.145678043365479,7.906016826629639,Type 1 strong-monsoon,Type 1B higher-vorticity,6,6,1,0.0,0.0
2010-11-09 16:00:00,2010-11-10 00:00:00,2010-11-09 21:00:00,-2.2567875764057477e-05,-2.2567875764057472,9,2010,11,2011,-1.8216529439979125e-05,-1.8216529439979128,29.954218749999995,3.615457352549799e-06,6.145678043365479,7.906016826629639,Type 1 strong-monsoon,Type 1A lower-vorticity,9,9,1,0.0,0.0
2010-11-14 18:00:00,2010-11-15 04:00:00,2010-11-14 22:00:00,-2.462736060509885e-05,-2.4627360605098856,11,2010,11,2011,-1.8216529439979125e-05,-1.8216529439979128,15.069609374999914,-1.0680978549968443e-05,6.145678043365479,7.906016826629639,Type 1 strong-monsoon,Type 1A lower-vorticity,11,11,1,0.0,0.0
2010-12-03 02:00:00,2010-12-03 13:00:00,2010-12-03 10:00:00,-3.3151959429815897e-05,-3.31519594298159,12,2010,12,2011,-2.5691567478831536e-05,-2.5691567478831536,21.628124999999955,2.4557276091458746e-05,10.767045021057127,9.112839698791504,Type 1 strong-monsoon,Type 1B higher-vorticity,12,12,1,0.0,0.0
2010-12-14 09:00:00,2010-12-14 18:00:00,2010-12-14 13:00:00,-2.9585810182547856e-05,-2.958581018254786,10,2010,12,2011,-2.5691567478831536e-05,-2.5691567478831536,19.823125000000005,-1.968994058758756e-06,10.767045021057127,9.112839698791504,Type 1 strong-monsoon,Type 1A lower-vorticity,10,10,1,0.0,0.0
2010-12-31 22:00:00,2010-12-31 23:00:00,2010-12-31 23:00:00,-2.9199820487962087e-05,-2.9199820487962085,2,2010,12,2011,-2.5691567478831536e-05,-2.5691567478831536,16.210156250000068,1.1204052669425284e-05,10.767045021057127,9.112839698791504,Type 1 strong-monsoon,Type 1A lower-vorticity,2,2,1,0.0,0.0
2011-01-15 00:00:00,2011-01-15 17:00:00,2011-01-15 10:00:00,-5.124870509778767e-05,-5.124870509778767,18,2011,1,2011,-2.4251929268451687e-05,-2.4251929268451686,22.890078124999945,3.621514064792668e-06,11.12716293334961,8.703954696655273,Type 1 strong-monsoon,Type 1A lower-vorticity,18,18,1,0.0,0.0
2011-01-23 18:00:00,2011-01-24 09:00:00,2011-01-23 21:00:00,-2.6337903065819148e-05,-2.633790306581915,16,2011,1,2011,-2.4251929268451687e-05,-2.4251929268451686,9.413828124999895,8.576936909163672e-06,11.12716293334961,8.703954696655273,Type 2 weak-monsoon,Type 2 weak-monsoon,16,7,2,10.0,10.0
2011-11-14 16:00:00,2011-11-15 03:00:00,2011-11-14 23:00:00,-2.238031808459224e-05,-2.238031808459224,12,2011,11,2012,-1.8216529439979125e-05,-1.8216529439979128,12.81609375000005,-6.65327333143561e-06,6.145678043365479,7.906016826629639,Type 1 strong-monsoon,Type 1A lower-vorticity,12,12,1,0.0,0.0
2011-11-19 20:00:00,2011-11-20 09:00:00,2011-11-20 02:00:00,-2.874976698054347e-05,-2.874976698054347,14,2011,11,2012,-1.8216529439979125e-05,-1.8216529439979128,22.831640624999977,1.2323084751857452e-06,6.145678043365479,7.906016826629639,Type 1 strong-monsoon,Type 1A lower-vorticity,14,14,1,0.0,0.0
2011-11-23 09:00:00,2011-11-23 20:00:00,2011-11-23 15:00:00,-2.701284595796998e-05,-2.701284595796998,12,2011,11,2012,-1.8216529439979125e-05,-1.8216529439979128,5.304531250000082,2.9809706466517768e-05,6.145678043365479,7.906016826629639,Type 2 weak-monsoon,Type 2 weak-monsoon,12,12,1,0.0,0.0
2011-12-07 15:00:00,2011-12-08 07:00:00,2011-12-07 23:00:00,-3.0358002190072145e-05,-3.035800219007214,17,2011,12,2012,-2.5691567478831536e-05,-2.5691567478831536,7.588359374999982,-8.177840849146371e-09,10.767045021057127,9.112839698791504,Type 2 weak-monsoon,Type 2 weak-monsoon,17,17,1,0.0,0.0
2012-01-03 09:00:00,2012-01-03 18:00:00,2012-01-03 15:00:00,-2.638735673757907e-05,-2.638735673757907,10,2012,1,2012,-2.4251929268451687e-05,-2.4251929268451686,11.398828125000025,6.525924211140905e-07,11.12716293334961,8.703954696655273,Type 1 strong-monsoon,Type 1A lower-vorticity,10,10,1,0.0,0.0
2012-01-10 20:00:00,2012-01-11 05:00:00,2012-01-11 01:00:00,-2.859492667114561e-05,-2.8594926671145613,10,2012,1,2012,-2.4251929268451687e-05,-2.4251929268451686,14.497421874999873,-9.567789120924778e-07,11.12716293334961,8.703954696655273,Type 1 strong-monsoon,Type 1A lower-vorticity,10,10,1,0.0,0.0
2012-01-24 01:00:00,2012-01-24 08:00:00,2012-01-24 05:00:00,-2.7337755636394384e-05,-2.7337755636394383,8,2012,1,2012,-2.4251929268451687e-05,-2.4251929268451686,17.179374999999936,-6.335164571962924e-06,11.12716293334961,8.703954696655273,Type 1 strong-monsoon,Type 1A lower-vorticity,8,8,1,0.0,0.0
2012-01-31 14:00:00,2012-01-31 21:00:00,2012-01-31 18:00:00,-3.2456803931280124e-05,-3.2456803931280125,8,2012,1,2012,-2.4251929268451687e-05,-2.4251929268451686,5.789999999999964,8.252898043563707e-06,11.12716293334961,8.703954696655273,Type 2 weak-monsoon,Type 2 weak-monsoon,8,8,1,0.0,0.0
2012-02-07 02:00:00,2012-02-07 23:00:00,2012-02-07 06:00:00,-2.8616252059381307e-05,-2.86162520593813,22,2012,2,2012,-1.957567489476574e-05,-1.957567489476574,19.062343749999968,5.698042419202434e-06,8.544206619262695,8.269665718078613,Type 1 strong-monsoon,Type 1A lower-vorticity,22,22,1,0.0,0.0
2012-02-17 05:00:00,2012-02-17 14:00:00,2012-02-17 12:00:00,-2.1375499209193715e-05,-2.137549920919372,10,2012,2,2012,-1.957567489476574e-05,-1.957567489476574,15.69562499999995,1.9976579767176046e-06,8.544206619262695,8.269665718078613,Type 1 strong-monsoon,Type 1A lower-vorticity,10,10,1,0.0,0.0
2012-11-11 08:00:00,2012-11-11 15:00:00,2012-11-11 10:00:00,-2.0767705141287977e-05,-2.076770514128797,8,2012,11,2013,-1.8216529439979125e-05,-1.8216529439979128,-16.94210937499986,9.813381547279378e-06,6.145678043365479,7.906016826629639,Type 2 weak-monsoon,Type 2 weak-monsoon,8,8,1,0.0,0.0
2012-11-13 21:00:00,2012-11-14 03:00:00,2012-11-14 00:00:00,-2.208912441942569e-05,-2.2089124419425694,7,2012,11,2013,-1.8216529439979125e-05,-1.8216529439979128,14.863124999999968,1.1024707609896349e-05,6.145678043365479,7.906016826629639,Type 1 strong-monsoon,Type 1A lower-vorticity,7,7,1,0.0,0.0
2012-11-19 03:00:00,2012-11-19 09:00:00,2012-11-19 06:00:00,-1.968991936860712e-05,-1.968991936860712,7,2012,11,2013,-1.8216529439979125e-05,-1.8216529439979128,1.0794531249999864,7.222815560782506e-06,6.145678043365479,7.906016826629639,Type 2 weak-monsoon,Type 2 weak-monsoon,7,7,1,0.0,0.0
2012-12-05 15:00:00,2012-12-06 04:00:00,2012-12-05 21:00:00,-4.1327625503310205e-05,-4.13276255033102,14,2012,12,2013,-2.5691567478831536e-05,-2.5691567478831536,6.2878906250000455,1.168553327616975e-05,10.767045021057127,9.112839698791504,Type 2 weak-monsoon,Type 2 weak-monsoon,14,14,1,0.0,0.0
2012-12-07 15:00:00,2012-12-08 01:00:00,2012-12-07 20:00:00,-3.602578301159992e-05,-3.6025783011599914,11,2012,12,2013,-2.5691567478831536e-05,-2.5691567478831536,7.7413281249999955,3.520212312041123e-06,10.767045021057127,9.112839698791504,Type 2 weak-monsoon,Type 2 weak-monsoon,11,11,1,0.0,0.0
2012-12-08 23:00:00,2012-12-08 23:00:00,2012-12-08 23:00:00,-2.582385135865568e-05,-2.582385135865568,1,2012,12,2013,-2.5691567478831536e-05,-2.5691567478831536,20.288046874999964,6.720102656560442e-06,10.767045021057127,9.112839698791504,Type 1 strong-monsoon,Type 1A lower-vorticity,1,1,1,0.0,0.0
2012-12-14 17:00:00,2012-12-15 01:00:00,2012-12-14 21:00:00,-3.7102760420541935e-05,-3.710276042054194,9,2012,12,2013,-2.5691567478831536e-05,-2.5691567478831536,-7.801406250000014,4.396114620829859e-06,10.767045021057127,9.112839698791504,Type 2 weak-monsoon,Type 2 weak-monsoon,9,9,1,0.0,0.0
2012-12-22 23:00:00,2012-12-23 17:00:00,2012-12-23 05:00:00,-4.569401250262703e-05,-4.569401250262702,19,2012,12,2013,-2.5691567478831536e-05,-2.5691567478831536,16.461171874999877,-8.774765387873247e-07,10.767045021057127,9.112839698791504,Type 1 strong-monsoon,Type 1A lower-vorticity,19,19,1,0.0,0.0
2012-12-30 15:00:00,2012-12-30 20:00:00,2012-12-30 17:00:00,-2.7690578552084286e-05,-2.7690578552084286,6,2012,12,2013,-2.5691567478831536e-05,-2.5691567478831536,21.823359374999995,5.3159388389343695e-06,10.767045021057127,9.112839698791504,Type 1 strong-monsoon,Type 1A lower-vorticity,6,6,1,0.0,0.0
2013-01-08 11:00:00,2013-01-08 18:00:00,2013-01-08 15:00:00,-2.8047245340046186e-05,-2.8047245340046185,8,2013,1,2013,-2.4251929268451687e-05,-2.4251929268451686,8.3560937499999,-3.936333099509151e-06,11.12716293334961,8.703954696655273,Type 2 weak-monsoon,Type 2 weak-monsoon,8,8,1,0.0,0.0
2013-01-09 16:00:00,2013-01-10 00:00:00,2013-01-09 20:00:00,-2.5725593544658168e-05,-2.5725593544658167,9,2013,1,2013,-2.4251929268451687e-05,-2.4251929268451686,16.28796874999989,-7.289261199745823e-06,11.12716293334961,8.703954696655273,Type 1 strong-monsoon,Type 1A lower-vorticity,9,9,1,0.0,0.0
2013-01-24 17:00:00,2013-01-24 19:00:00,2013-01-24 18:00:00,-2.5584887700901157e-05,-2.5584887700901158,3,2013,1,2013,-2.4251929268451687e-05,-2.4251929268451686,14.723437499999932,1.9672083670111608e-05,11.12716293334961,8.703954696655273,Type 1 strong-monsoon,Type 1B higher-vorticity,3,3,1,0.0,0.0
2013-02-01 15:00:00,2013-02-02 02:00:00,2013-02-01 20:00:00,-2.777996063415693e-05,-2.777996063415693,12,2013,2,2013,-1.957567489476574e-05,-1.957567489476574,3.605390625000041,1.7173663099906472e-05,8.544206619262695,8.269665718078613,Type 2 weak-monsoon,Type 2 weak-monsoon,12,12,1,0.0,0.0
2013-02-07 00:00:00,2013-02-07 10:00:00,2013-02-07 04:00:00,-2.6256455632861837e-05,-2.6256455632861835,11,2013,2,2013,-1.957567489476574e-05,-1.957567489476574,13.931093749999944,2.487330133196063e-05,8.544206619262695,8.269665718078613,Type 1 strong-monsoon,Type 1B higher-vorticity,11,11,1,0.0,0.0
2013-02-12 11:00:00,2013-02-12 13:00:00,2013-02-12 12:00:00,-2.155646887841185e-05,-2.1556468878411854,3,2013,2,2013,-1.957567489476574e-05,-1.957567489476574,0.7132812500001364,-5.236612178096023e-07,8.544206619262695,8.269665718078613,Type 2 weak-monsoon,Type 2 weak-monsoon,3,3,1,0.0,0.0
2013-11-09 20:00:00,2013-11-11 03:00:00,2013-11-10 01:00:00,-3.513099175685734e-05,-3.513099175685734,32,2013,11,2014,-1.8216529439979125e-05,-1.8216529439979128,12.15789062500005,1.6465692129793442e-05,6.145678043365479,7.906016826629639,Type 1 strong-monsoon,Type 1B higher-vorticity,32,27,2,6.0,6.0
2013-11-18 15:00:00,2013-11-19 01:00:00,2013-11-18 21:00:00,-2.1908400115421915e-05,-2.1908400115421918,11,2013,11,2014,-1.8216529439979125e-05,-1.8216529439979128,10.282812500000093,2.472554790420432e-05,6.145678043365479,7.906016826629639,Type 1 strong-monsoon,Type 1B higher-vorticity,11,11,1,0.0,0.0
2013-11-24 21:00:00,2013-11-25 07:00:00,2013-11-25 02:00:00,-2.6732889323677448e-05,-2.6732889323677447,11,2013,11,2014,-1.8216529439979125e-05,-1.8216529439979128,-17.823437499999955,2.0014332446140032e-05,6.145678043365479,7.906016826629639,Type 2 weak-monsoon,Type 2 weak-monsoon,11,11,1,0.0,0.0
2013-11-27 09:00:00,2013-11-27 18:00:00,2013-11-27 14:00:00,-2.54042352695703e-05,-2.54042352695703,10,2013,11,2014,-1.8216529439979125e-05,-1.8216529439979128,7.614062499999932,5.747511088143468e-06,6.145678043365479,7.906016826629639,Type 1 strong-monsoon,Type 1A lower-vorticity,10,10,1,0.0,0.0
2013-12-09 15:00:00,2013-12-09 19:00:00,2013-12-09 17:00:00,-3.010422054757753e-05,-3.010422054757753,5,2013,12,2014,-2.5691567478831536e-05,-2.5691567478831536,-2.2515624999999773,1.68766679566361e-05,10.767045021057127,9.112839698791504,Type 2 weak-monsoon,Type 2 weak-monsoon,5,5,1,0.0,0.0
2013-12-11 02:00:00,2013-12-11 17:00:00,2013-12-11 08:00:00,-3.87762130930333e-05,-3.87762130930333,16,2013,12,2014,-2.5691567478831536e-05,-2.5691567478831536,14.901406249999924,1.284634327817132e-05,10.767045021057127,9.112839698791504,Type 1 strong-monsoon,Type 1A lower-vorticity,16,16,1,0.0,0.0
2013-12-12 18:00:00,2013-12-13 00:00:00,2013-12-12 21:00:00,-3.1665658456409415e-05,-3.1665658456409416,7,2013,12,2014,-2.5691567478831536e-05,-2.5691567478831536,9.94328125000004,7.498101262475038e-06,10.767045021057127,9.112839698791504,Type 2 weak-monsoon,Type 2 weak-monsoon,7,7,1,0.0,0.0
2014-01-18 03:00:00,2014-01-18 10:00:00,2014-01-18 07:00:00,-2.8717272564004383e-05,-2.871727256400438,8,2014,1,2014,-2.4251929268451687e-05,-2.4251929268451686,8.879296875000023,5.5996016609216746e-06,11.12716293334961,8.703954696655273,Type 2 weak-monsoon,Type 2 weak-monsoon,8,8,1,0.0,0.0
2014-11-30 13:00:00,2014-11-30 16:00:00,2014-11-30 15:00:00,-1.9691428828516376e-05,-1.9691428828516373,4,2014,11,2015,-1.8216529439979125e-05,-1.8216529439979128,-5.906171875000041,4.658048406080887e-06,6.145678043365479,7.906016826629639,Type 2 weak-monsoon,Type 2 weak-monsoon,4,4,1,0.0,0.0
2014-12-13 09:00:00,2014-12-13 09:00:00,2014-12-13 09:00:00,-2.5875562163706284e-05,-2.5875562163706283,1,2014,12,2015,-2.5691567478831536e-05,-2.5691567478831536,19.00750000000005,1.2462217035492222e-06,10.767045021057127,9.112839698791504,Type 1 strong-monsoon,Type 1A lower-vorticity,1,1,1,0.0,0.0
2014-12-16 05:00:00,2014-12-17 11:00:00,2014-12-16 23:00:00,-4.3622682613064384e-05,-4.362268261306438,31,2014,12,2015,-2.5691567478831536e-05,-2.5691567478831536,37.39046875000008,1.9209232572292444e-05,10.767045021057127,9.112839698791504,Type 1 strong-monsoon,Type 1B higher-vorticity,31,31,1,0.0,0.0
2014-12-31 18:00:00,2014-12-31 23:00:00,2014-12-31 23:00:00,-4.249348949624276e-05,-4.2493489496242765,6,2014,12,2015,-2.5691567478831536e-05,-2.5691567478831536,23.038593749999905,3.383947138109464e-06,10.767045021057127,9.112839698791504,Type 1 strong-monsoon,Type 1A lower-vorticity,6,6,1,0.0,0.0
2015-01-02 01:00:00,2015-01-02 11:00:00,2015-01-02 06:00:00,-3.780918012438912e-05,-3.780918012438912,11,2015,1,2015,-2.4251929268451687e-05,-2.4251929268451686,19.387421875000086,-2.6338775796366964e-06,11.12716293334961,8.703954696655273,Type 1 strong-monsoon,Type 1A lower-vorticity,11,11,1,0.0,0.0
2015-01-06 00:00:00,2015-01-06 08:00:00,2015-01-06 04:00:00,-3.103681166257533e-05,-3.103681166257533,9,2015,1,2015,-2.4251929268451687e-05,-2.4251929268451686,12.297421875000056,1.4478918892628262e-05,11.12716293334961,8.703954696655273,Type 1 strong-monsoon,Type 1A lower-vorticity,9,9,1,0.0,0.0
2015-01-11 00:00:00,2015-01-11 05:00:00,2015-01-11 03:00:00,-2.681581748942168e-05,-2.6815817489421674,6,2015,1,2015,-2.4251929268451687e-05,-2.4251929268451686,15.187265625000007,5.745230332539394e-06,11.12716293334961,8.703954696655273,Type 1 strong-monsoon,Type 1A lower-vorticity,6,6,1,0.0,0.0
2015-01-16 13:00:00,2015-01-16 21:00:00,2015-01-16 16:00:00,-2.897506929945677e-05,-2.8975069299456773,9,2015,1,2015,-2.4251929268451687e-05,-2.4251929268451686,8.438203125000086,8.861859602822109e-06,11.12716293334961,8.703954696655273,Type 2 weak-monsoon,Type 2 weak-monsoon,9,9,1,0.0,0.0
2015-02-07 17:00:00,2015-02-08 11:00:00,2015-02-08 02:00:00,-3.687774584476265e-05,-3.687774584476265,19,2015,2,2015,-1.957567489476574e-05,-1.957567489476574,11.950312499999882,2.1461464240801437e-05,8.544206619262695,8.269665718078613,Type 1 strong-monsoon,Type 1B higher-vorticity,19,19,1,0.0,0.0
2015-02-12 00:00:00,2015-02-12 08:00:00,2015-02-12 04:00:00,-2.5023910854841663e-05,-2.5023910854841667,9,2015,2,2015,-1.957567489476574e-05,-1.957567489476574,6.433046875000059,1.0488531387591077e-05,8.544206619262695,8.269665718078613,Type 2 weak-monsoon,Type 2 weak-monsoon,9,9,1,0.0,0.0
2015-11-07 14:00:00,2015-11-08 06:00:00,2015-11-07 21:00:00,-3.549163050827007e-05,-3.5491630508270067,17,2015,11,2016,-1.8216529439979125e-05,-1.8216529439979128,-14.844765624999924,5.308179475903456e-06,6.145678043365479,7.906016826629639,Type 2 weak-monsoon,Type 2 weak-monsoon,17,17,1,0.0,0.0
2015-11-13 20:00:00,2015-11-14 06:00:00,2015-11-14 01:00:00,-3.395889623826e-05,-3.395889623826,11,2015,11,2016,-1.8216529439979125e-05,-1.8216529439979128,-15.229062500000056,-3.188060628332985e-07,6.145678043365479,7.906016826629639,Type 2 weak-monsoon,Type 2 weak-monsoon,11,11,1,0.0,0.0
2015-11-22 22:00:00,2015-11-23 12:00:00,2015-11-23 04:00:00,-2.4544658478004603e-05,-2.4544658478004604,15,2015,11,2016,-1.8216529439979125e-05,-1.8216529439979128,-6.8855468750000455,-3.51079590701478e-06,6.145678043365479,7.906016826629639,Type 2 weak-monsoon,Type 2 weak-monsoon,15,15,1,0.0,0.0
2015-11-25 13:00:00,2015-11-26 06:00:00,2015-11-25 21:00:00,-4.920856936427863e-05,-4.920856936427863,18,2015,11,2016,-1.8216529439979125e-05,-1.8216529439979128,-5.702187500000036,1.070597716367869e-05,6.145678043365479,7.906016826629639,Type 2 weak-monsoon,Type 2 weak-monsoon,18,18,1,0.0,0.0
2016-01-14 02:00:00,2016-01-14 04:00:00,2016-01-14 03:00:00,-2.4604578614501496e-05,-2.4604578614501498,3,2016,1,2016,-2.4251929268451687e-05,-2.4251929268451686,14.812265625000007,-7.3088242951911e-08,11.12716293334961,8.703954696655273,Type 1 strong-monsoon,Type 1A lower-vorticity,3,3,1,0.0,0.0
2016-01-22 21:00:00,2016-01-24 07:00:00,2016-01-23 06:00:00,-4.067785478853821e-05,-4.067785478853821,35,2016,1,2016,-2.4251929268451687e-05,-2.4251929268451686,15.418593750000127,3.151701425403846e-06,11.12716293334961,8.703954696655273,Type 1 strong-monsoon,Type 1A lower-vorticity,35,35,1,0.0,0.0
2016-02-14 17:00:00,2016-02-14 22:00:00,2016-02-14 19:00:00,-2.186175137750473e-05,-2.186175137750473,6,2016,2,2016,-1.957567489476574e-05,-1.957567489476574,25.681015624999983,-4.3928795983222586e-06,8.544206619262695,8.269665718078613,Type 1 strong-monsoon,Type 1A lower-vorticity,6,6,1,0.0,0.0
2016-11-02 03:00:00,2016-11-02 13:00:00,2016-11-02 10:00:00,-2.2105406490750578e-05,-2.2105406490750577,11,2016,11,2017,-1.8216529439979125e-05,-1.8216529439979128,2.8223437500000728,-8.433817105940378e-06,6.145678043365479,7.906016826629639,Type 2 weak-monsoon,Type 2 weak-monsoon,11,11,1,0.0,0.0
2016-11-05 13:00:00,2016-11-05 15:00:00,2016-11-05 15:00:00,-1.8815743215435608e-05,-1.8815743215435607,3,2016,11,2017,-1.8216529439979125e-05,-1.8216529439979128,11.043203124999993,6.018470417814294e-06,6.145678043365479,7.906016826629639,Type 1 strong-monsoon,Type 1A lower-vorticity,3,3,1,0.0,0.0
2016-11-22 04:00:00,2016-11-22 12:00:00,2016-11-22 08:00:00,-2.7476480317139848e-05,-2.7476480317139846,9,2016,11,2017,-1.8216529439979125e-05,-1.8216529439979128,9.107343749999927,-5.432718055074452e-06,6.145678043365479,7.906016826629639,Type 1 strong-monsoon,Type 1A lower-vorticity,9,9,1,0.0,0.0
2016-11-23 16:00:00,2016-11-24 22:00:00,2016-11-23 23:00:00,-3.668538208384416e-05,-3.668538208384416,31,2016,11,2017,-1.8216529439979125e-05,-1.8216529439979128,6.853671874999918,-1.5128530932480248e-05,6.145678043365479,7.906016826629639,Type 1 strong-monsoon,Type 1A lower-vorticity,31,31,1,0.0,0.0
2016-12-21 21:00:00,2016-12-22 07:00:00,2016-12-22 02:00:00,-3.643194726642782e-05,-3.6431947266427818,11,2016,12,2017,-2.5691567478831536e-05,-2.5691567478831536,-20.368359374999955,1.889973422459424e-05,10.767045021057127,9.112839698791504,Type 2 weak-monsoon,Type 2 weak-monsoon,11,11,1,0.0,0.0
2017-01-12 19:00:00,2017-01-13 02:00:00,2017-01-12 23:00:00,-2.6934421978001952e-05,-2.6934421978001954,8,2017,1,2017,-2.4251929268451687e-05,-2.4251929268451686,17.045000000000073,2.3357395666673003e-06,11.12716293334961,8.703954696655273,Type 1 strong-monsoon,Type 1A lower-vorticity,8,8,1,0.0,0.0
2017-01-19 19:00:00,2017-01-20 06:00:00,2017-01-20 01:00:00,-4.170111495480148e-05,-4.170111495480148,12,2017,1,2017,-2.4251929268451687e-05,-2.4251929268451686,0.5425000000000182,6.499549930602305e-07,11.12716293334961,8.703954696655273,Type 2 weak-monsoon,Type 2 weak-monsoon,12,12,1,0.0,0.0
2017-01-22 01:00:00,2017-01-22 08:00:00,2017-01-22 03:00:00,-2.6156677366553552e-05,-2.615667736655355,8,2017,1,2017,-2.4251929268451687e-05,-2.4251929268451686,10.156406250000032,1.9840413549299907e-05,11.12716293334961,8.703954696655273,Type 2 weak-monsoon,Type 2 weak-monsoon,8,8,1,0.0,0.0
2017-02-08 17:00:00,2017-02-09 14:00:00,2017-02-09 01:00:00,-3.5582657838258977e-05,-3.558265783825897,22,2017,2,2017,-1.957567489476574e-05,-1.957567489476574,7.52179687499995,5.663117562343149e-06,8.544206619262695,8.269665718078613,Type 2 weak-monsoon,Type 2 weak-monsoon,22,22,1,0.0,0.0
2017-02-16 21:00:00,2017-02-17 06:00:00,2017-02-17 02:00:00,-3.0138568021239956e-05,-3.0138568021239958,10,2017,2,2017,-1.957567489476574e-05,-1.957567489476574,11.899140624999973,1.0467150054616564e-05,8.544206619262695,8.269665718078613,Type 1 strong-monsoon,Type 1A lower-vorticity,10,10,1,0.0,0.0
2017-02-17 23:00:00,2017-02-18 11:00:00,2017-02-18 08:00:00,-2.237802470763956e-05,-2.237802470763956,13,2017,2,2017,-1.957567489476574e-05,-1.957567489476574,15.890468750000082,-8.143126356228244e-06,8.544206619262695,8.269665718078613,Type 1 strong-monsoon,Type 1A lower-vorticity,13,13,1,0.0,0.0
2017-02-20 01:00:00,2017-02-20 04:00:00,2017-02-20 02:00:00,-2.1314486618918456e-05,-2.1314486618918456,4,2017,2,2017,-1.957567489476574e-05,-1.957567489476574,0.2092968749999499,2.085464243212492e-05,8.544206619262695,8.269665718078613,Type 2 weak-monsoon,Type 2 weak-monsoon,4,4,1,0.0,0.0
2017-02-22 19:00:00,2017-02-23 03:00:00,2017-02-23 00:00:00,-2.592253086798357e-05,-2.5922530867983573,9,2017,2,2017,-1.957567489476574e-05,-1.957567489476574,5.044843749999927,1.2982496717712513e-05,8.544206619262695,8.269665718078613,Type 2 weak-monsoon,Type 2 weak-monsoon,9,9,1,0.0,0.0
2017-11-10 15:00:00,2017-11-10 21:00:00,2017-11-10 19:00:00,-2.1295256935434688e-05,-2.129525693543469,7,2017,11,2018,-1.8216529439979125e-05,-1.8216529439979128,14.64640625000004,3.24017895463108e-05,6.145678043365479,7.906016826629639,Type 1 strong-monsoon,Type 1B higher-vorticity,7,7,1,0.0,0.0
2017-11-17 19:00:00,2017-11-18 05:00:00,2017-11-18 00:00:00,-2.635949764389409e-05,-2.6359497643894088,11,2017,11,2018,-1.8216529439979125e-05,-1.8216529439979128,13.659062500000005,1.8599961248212917e-05,6.145678043365479,7.906016826629639,Type 1 strong-monsoon,Type 1B higher-vorticity,11,11,1,0.0,0.0
2017-11-18 21:00:00,2017-11-19 03:00:00,2017-11-19 01:00:00,-2.273437410100289e-05,-2.2734374101002897,7,2017,11,2018,-1.8216529439979125e-05,-1.8216529439979128,21.269062499999905,-2.389721660736279e-06,6.145678043365479,7.906016826629639,Type 1 strong-monsoon,Type 1A lower-vorticity,7,7,1,0.0,0.0
2017-11-22 20:00:00,2017-11-22 22:00:00,2017-11-22 21:00:00,-1.9357810993466126e-05,-1.935781099346613,3,2017,11,2018,-1.8216529439979125e-05,-1.8216529439979128,13.397187499999973,9.578711277341364e-06,6.145678043365479,7.906016826629639,Type 1 strong-monsoon,Type 1A lower-vorticity,3,3,1,0.0,0.0
2017-11-29 20:00:00,2017-11-30 23:00:00,2017-11-30 20:00:00,-3.437222151446144e-05,-3.437222151446144,28,2017,11,2018,-1.8216529439979125e-05,-1.8216529439979128,14.536406249999914,-6.855288509931928e-06,6.145678043365479,7.906016826629639,Type 1 strong-monsoon,Type 1A lower-vorticity,28,28,1,0.0,0.0
2017-12-04 14:00:00,2017-12-05 11:00:00,2017-12-05 02:00:00,-3.686153877529365e-05,-3.686153877529364,22,2017,12,2018,-2.5691567478831536e-05,-2.5691567478831536,16.617109374999927,1.920883674406336e-06,10.767045021057127,9.112839698791504,Type 1 strong-monsoon,Type 1A lower-vorticity,22,22,1,0.0,0.0
2017-12-16 03:00:00,2017-12-16 13:00:00,2017-12-16 06:00:00,-2.795634171843384e-05,-2.795634171843384,11,2017,12,2018,-2.5691567478831536e-05,-2.5691567478831536,16.873046875,4.973559567207536e-06,10.767045021057127,9.112839698791504,Type 1 strong-monsoon,Type 1A lower-vorticity,11,11,1,0.0,0.0
2017-12-24 13:00:00,2017-12-24 18:00:00,2017-12-24 15:00:00,-2.918963519442836e-05,-2.918963519442836,6,2017,12,2018,-2.5691567478831536e-05,-2.5691567478831536,1.2601562500000227,1.895262411941706e-05,10.767045021057127,9.112839698791504,Type 2 weak-monsoon,Type 2 weak-monsoon,6,6,1,0.0,0.0
2018-01-10 22:00:00,2018-01-11 04:00:00,2018-01-11 01:00:00,-2.613187984760935e-05,-2.613187984760935,7,2018,1,2018,-2.4251929268451687e-05,-2.4251929268451686,18.54937499999994,1.1981678720104778e-05,11.12716293334961,8.703954696655273,Type 1 strong-monsoon,Type 1A lower-vorticity,7,7,1,0.0,0.0
2018-01-22 23:00:00,2018-01-23 18:00:00,2018-01-23 04:00:00,-3.261648686827732e-05,-3.261648686827732,20,2018,1,2018,-2.4251929268451687e-05,-2.4251929268451686,19.403515624999955,2.328805349658342e-05,11.12716293334961,8.703954696655273,Type 1 strong-monsoon,Type 1B higher-vorticity,20,20,1,0.0,0.0
2018-01-28 15:00:00,2018-01-29 03:00:00,2018-01-29 00:00:00,-2.7334560574639916e-05,-2.7334560574639912,13,2018,1,2018,-2.4251929268451687e-05,-2.4251929268451686,17.99648437499991,-2.246126453382289e-06,11.12716293334961,8.703954696655273,Type 1 strong-monsoon,Type 1A lower-vorticity,13,13,1,0.0,0.0
2018-02-02 05:00:00,2018-02-02 14:00:00,2018-02-02 09:00:00,-2.264999337370362e-05,-2.264999337370362,10,2018,2,2018,-1.957567489476574e-05,-1.957567489476574,-0.6923437499999636,-1.441835194365338e-06,8.544206619262695,8.269665718078613,Type 2 weak-monsoon,Type 2 weak-monsoon,10,10,1,0.0,0.0
2018-02-03 13:00:00,2018-02-04 01:00:00,2018-02-03 20:00:00,-3.084310455853733e-05,-3.084310455853733,13,2018,2,2018,-1.957567489476574e-05,-1.957567489476574,14.73312499999986,2.2676154489842307e-05,8.544206619262695,8.269665718078613,Type 1 strong-monsoon,Type 1B higher-vorticity,13,13,1,0.0,0.0
2018-02-04 23:00:00,2018-02-05 06:00:00,2018-02-05 01:00:00,-2.1953379778185304e-05,-2.1953379778185305,8,2018,2,2018,-1.957567489476574e-05,-1.957567489476574,22.173749999999927,1.4863420236791529e-05,8.544206619262695,8.269665718078613,Type 1 strong-monsoon,Type 1A lower-vorticity,8,8,1,0.0,0.0
2018-02-10 19:00:00,2018-02-11 01:00:00,2018-02-10 23:00:00,-2.214389966341085e-05,-2.214389966341085,7,2018,2,2018,-1.957567489476574e-05,-1.957567489476574,19.304296874999977,2.675232063541816e-06,8.544206619262695,8.269665718078613,Type 1 strong-monsoon,Type 1A lower-vorticity,7,7,1,0.0,0.0
2018-02-14 15:00:00,2018-02-14 19:00:00,2018-02-14 16:00:00,-2.179085338166734e-05,-2.179085338166734,5,2018,2,2018,-1.957567489476574e-05,-1.957567489476574,12.750234374999993,8.381531363925237e-06,8.544206619262695,8.269665718078613,Type 1 strong-monsoon,Type 1A lower-vorticity,5,5,1,0.0,0.0
2018-02-28 17:00:00,2018-02-28 23:00:00,2018-02-28 20:00:00,-3.302466113280619e-05,-3.302466113280619,7,2018,2,2018,-1.957567489476574e-05,-1.957567489476574,-14.43500000000006,3.933280739274212e-06,8.544206619262695,8.269665718078613,Type 2 weak-monsoon,Type 2 weak-monsoon,7,7,1,0.0,0.0
2018-12-05 22:00:00,2018-12-06 11:00:00,2018-12-06 04:00:00,-3.675252113057727e-05,-3.675252113057727,14,2018,12,2019,-2.5691567478831536e-05,-2.5691567478831536,-1.6315624999999727,-6.874647426801139e-06,10.767045021057127,9.112839698791504,Type 2 weak-monsoon,Type 2 weak-monsoon,14,14,1,0.0,0.0
